[
    {
        "company": "2U INC",
        "cik_number": "1459417"
    },
    {
        "company": "30DC INC",
        "cik_number": "1118974"
    },
    {
        "company": "3D PIONEER SYSTEMS INC",
        "cik_number": "1556753"
    },
    {
        "company": "8X8 INC",
        "cik_number": "1023731"
    },
    {
        "company": "A10 NETWORKS INC",
        "cik_number": "1580808"
    },
    {
        "company": "ACI WORLDWIDE INC",
        "cik_number": "935036"
    },
    {
        "company": "ACTUA CORP",
        "cik_number": "1085621"
    },
    {
        "company": "ADEXA INC",
        "cik_number": "1119691"
    },
    {
        "company": "ADOBE INC",
        "cik_number": "796343"
    },
    {
        "company": "ADVANTE CORP",
        "cik_number": "1407847"
    },
    {
        "company": "ADVANTEGO CORP",
        "cik_number": "869531"
    },
    {
        "company": "AGILYSYS INC",
        "cik_number": "78749"
    },
    {
        "company": "ALARMCOM HOLDINGS INC",
        "cik_number": "1459200"
    },
    {
        "company": "ALLDIGITAL HOLDINGS INC",
        "cik_number": "1389217"
    },
    {
        "company": "ALTAIR ENGINEERING INC",
        "cik_number": "1701732"
    },
    {
        "company": "ALTERYX INC",
        "cik_number": "1689923"
    },
    {
        "company": "ANAPLAN INC",
        "cik_number": "1540755"
    },
    {
        "company": "ANSYS INC",
        "cik_number": "1013462"
    },
    {
        "company": "APPFOLIO INC",
        "cik_number": "1433195"
    },
    {
        "company": "APPIAN CORP",
        "cik_number": "1441683"
    },
    {
        "company": "APPLIED VISUAL SCIENCES INC",
        "cik_number": "873198"
    },
    {
        "company": "APT SYSTEMS INC",
        "cik_number": "1543739"
    },
    {
        "company": "ASANA INC",
        "cik_number": "1477720"
    },
    {
        "company": "ASPEN TECHNOLOGY INC",
        "cik_number": "356942"
    },
    {
        "company": "ASURE SOFTWARE INC",
        "cik_number": "884144"
    },
    {
        "company": "AUDIOEYE INC",
        "cik_number": "1362190"
    },
    {
        "company": "AUTODESK INC",
        "cik_number": "769397"
    },
    {
        "company": "AVALARA INC",
        "cik_number": "1348036"
    },
    {
        "company": "AWARE INC",
        "cik_number": "845188"
    },
    {
        "company": "BARRACUDA NETWORKS INC",
        "cik_number": "1348334"
    },
    {
        "company": "BENEFITFOCUS INC",
        "cik_number": "1576169"
    },
    {
        "company": "BENTLEY SYSTEMS INC",
        "cik_number": "1031308"
    },
    {
        "company": "BILLCOM HOLDINGS INC",
        "cik_number": "1786352"
    },
    {
        "company": "BLACK BOX CORP",
        "cik_number": "849547"
    },
    {
        "company": "BLACKBAUD INC",
        "cik_number": "1280058"
    },
    {
        "company": "BLACKBOXSTOCKS INC",
        "cik_number": "1567900"
    },
    {
        "company": "BLACKLINE INC",
        "cik_number": "1666134"
    },
    {
        "company": "BOTTOMLINE TECHNOLOGIES INC",
        "cik_number": "1073349"
    },
    {
        "company": "BOX INC",
        "cik_number": "1345423"
    },
    {
        "company": "BOXLIGHT CORP",
        "cik_number": "1624512"
    },
    {
        "company": "BRAVATEK SOLUTIONS INC",
        "cik_number": "1449574"
    },
    {
        "company": "BRIDGELINE DIGITAL INC",
        "cik_number": "1378590"
    },
    {
        "company": "BRIDGEWAY NATIONAL CORP",
        "cik_number": "1567771"
    },
    {
        "company": "BSCADA INC",
        "cik_number": "1341878"
    },
    {
        "company": "CADENCE DESIGN SYSTEMS INC",
        "cik_number": "813672"
    },
    {
        "company": "CDK GLOBAL INC",
        "cik_number": "1609702"
    },
    {
        "company": "CERENCE INC",
        "cik_number": "1768267"
    },
    {
        "company": "CERIDIAN CORP",
        "cik_number": "109758"
    },
    {
        "company": "CHANNELADVISOR CORP",
        "cik_number": "1169652"
    },
    {
        "company": "CICERO INC",
        "cik_number": "945384"
    },
    {
        "company": "CIMETRIX INC",
        "cik_number": "786620"
    },
    {
        "company": "CIPHERLOC CORP",
        "cik_number": "1022505"
    },
    {
        "company": "CITRIX SYSTEMS INC",
        "cik_number": "877890"
    },
    {
        "company": "CLEANSPARK INC",
        "cik_number": "827876"
    },
    {
        "company": "CLICKSTREAM CORP",
        "cik_number": "1393548"
    },
    {
        "company": "CLONE ALGO TECHNOLOGIES INC",
        "cik_number": "1582589"
    },
    {
        "company": "CLOUDERA INC",
        "cik_number": "1535379"
    },
    {
        "company": "CLOUDFLARE INC",
        "cik_number": "1477333"
    },
    {
        "company": "CODE REBEL CORP",
        "cik_number": "1613011"
    },
    {
        "company": "COMMVAULT SYSTEMS INC",
        "cik_number": "1169561"
    },
    {
        "company": "CORNERSTONE ONDEMAND INC",
        "cik_number": "1401680"
    },
    {
        "company": "COUPA SOFTWARE INC",
        "cik_number": "1385867"
    },
    {
        "company": "CROWDSTRIKE HOLDINGS INC",
        "cik_number": "1535527"
    },
    {
        "company": "CYBERFORT SOFTWARE INC",
        "cik_number": "1522787"
    },
    {
        "company": "CYREN LTD",
        "cik_number": "1084577"
    },
    {
        "company": "DATADOG INC",
        "cik_number": "1561550"
    },
    {
        "company": "DATTO HOLDING CORP",
        "cik_number": "1724570"
    },
    {
        "company": "DEALERADVANCE INC",
        "cik_number": "1133598"
    },
    {
        "company": "DIGILITI MONEY GROUP INC",
        "cik_number": "1487906"
    },
    {
        "company": "DIGIMARC CORP",
        "cik_number": "1089443"
    },
    {
        "company": "DIGITAL TURBINE INC",
        "cik_number": "317788"
    },
    {
        "company": "DOCUSIGN INC",
        "cik_number": "1261333"
    },
    {
        "company": "DOMO INC",
        "cik_number": "1505952"
    },
    {
        "company": "DROPBOX INC",
        "cik_number": "1467623"
    },
    {
        "company": "DYNATRACE INC",
        "cik_number": "1773383"
    },
    {
        "company": "E2OPEN INC",
        "cik_number": "1540400"
    },
    {
        "company": "EBIX INC",
        "cik_number": "814549"
    },
    {
        "company": "ECOARK HOLDINGS INC",
        "cik_number": "1437491"
    },
    {
        "company": "EGAIN CORP",
        "cik_number": "1066194"
    },
    {
        "company": "ELASTIC NETWORKS INC",
        "cik_number": "1088242"
    },
    {
        "company": "ELASTIC NV",
        "cik_number": "1707753"
    },
    {
        "company": "ELCOM INTERNATIONAL INC",
        "cik_number": "900096"
    },
    {
        "company": "ENTERPRISE INFORMATICS INC",
        "cik_number": "813747"
    },
    {
        "company": "ENVESTNET INC",
        "cik_number": "1337619"
    },
    {
        "company": "EVERBRIDGE INC",
        "cik_number": "1437352"
    },
    {
        "company": "EVOLVING SYSTEMS INC",
        "cik_number": "1052054"
    },
    {
        "company": "EZENIA INC",
        "cik_number": "943894"
    },
    {
        "company": "FAIR ISAAC CORP",
        "cik_number": "814547"
    },
    {
        "company": "FALCONSTOR SOFTWARE INC",
        "cik_number": "922521"
    },
    {
        "company": "FASTLY INC",
        "cik_number": "1517413"
    },
    {
        "company": "FIREEYE INC",
        "cik_number": "1370880"
    },
    {
        "company": "FIVE9 INC",
        "cik_number": "1288847"
    },
    {
        "company": "FORTINET INC",
        "cik_number": "1262039"
    },
    {
        "company": "FRIENDFINDER NETWORKS INC",
        "cik_number": "1451951"
    },
    {
        "company": "GIVEMEPOWER CORP",
        "cik_number": "1064722"
    },
    {
        "company": "GRANDPARENTSCOM INC",
        "cik_number": "1020475"
    },
    {
        "company": "GREEN POLKADOT BOX INC",
        "cik_number": "1159464"
    },
    {
        "company": "GSE SYSTEMS INC",
        "cik_number": "944480"
    },
    {
        "company": "GUIDEWIRE SOFTWARE INC",
        "cik_number": "1528396"
    },
    {
        "company": "HOPTO INC",
        "cik_number": "1021435"
    },
    {
        "company": "HUBSPOT INC",
        "cik_number": "1404655"
    },
    {
        "company": "IBSG INTERNATIONAL INC",
        "cik_number": "1031905"
    },
    {
        "company": "IDEANOMICS INC",
        "cik_number": "837852"
    },
    {
        "company": "IMAGEWARE SYSTEMS INC",
        "cik_number": "941685"
    },
    {
        "company": "INFORMATION RESOURCES INC",
        "cik_number": "714278"
    },
    {
        "company": "INTELLINETICS INC",
        "cik_number": "1081745"
    },
    {
        "company": "INTERMAP TECHNOLOGIES CORP",
        "cik_number": "1285170"
    },
    {
        "company": "INTRUSION INC",
        "cik_number": "736012"
    },
    {
        "company": "INTUIT INC",
        "cik_number": "896878"
    },
    {
        "company": "INUVO INC",
        "cik_number": "829323"
    },
    {
        "company": "IRONCLAD ENCRYPTION CORP",
        "cik_number": "1455926"
    },
    {
        "company": "ISIGN SOLUTIONS INC",
        "cik_number": "727634"
    },
    {
        "company": "ISOCIALY INC",
        "cik_number": "1716726"
    },
    {
        "company": "ISSUER DIRECT CORP",
        "cik_number": "843006"
    },
    {
        "company": "IVEDA SOLUTIONS INC",
        "cik_number": "1397183"
    },
    {
        "company": "J2 GLOBAL INC",
        "cik_number": "1084048"
    },
    {
        "company": "JACK IN THE BOX INC",
        "cik_number": "807882"
    },
    {
        "company": "JAMF HOLDING CORP",
        "cik_number": "1721947"
    },
    {
        "company": "JDA SOFTWARE GROUP INC",
        "cik_number": "1006892"
    },
    {
        "company": "JFROG LTD",
        "cik_number": "1800667"
    },
    {
        "company": "KRONOS INC",
        "cik_number": "886903"
    },
    {
        "company": "LAWSON SOFTWARE INC",
        "cik_number": "1141517"
    },
    {
        "company": "LEVELBLOX INC",
        "cik_number": "1473654"
    },
    {
        "company": "LIQUID HOLDINGS GROUP INC",
        "cik_number": "1562594"
    },
    {
        "company": "LIVEPERSON INC",
        "cik_number": "1102993"
    },
    {
        "company": "MAIL BOXES ETC",
        "cik_number": "791014"
    },
    {
        "company": "MANHATTAN ASSOCIATES INC",
        "cik_number": "1056696"
    },
    {
        "company": "MARIN SOFTWARE INC",
        "cik_number": "1389002"
    },
    {
        "company": "MAX SOUND CORP",
        "cik_number": "1353499"
    },
    {
        "company": "MEDALLIA INC",
        "cik_number": "1540184"
    },
    {
        "company": "MGT CAPITAL INVESTMENTS INC",
        "cik_number": "1001601"
    },
    {
        "company": "MICROSOFT CORP",
        "cik_number": "789019"
    },
    {
        "company": "MICROSTRATEGY INC",
        "cik_number": "1050446"
    },
    {
        "company": "MITEK SYSTEMS INC",
        "cik_number": "807863"
    },
    {
        "company": "MIX TELEMATICS LTD",
        "cik_number": "1576914"
    },
    {
        "company": "MOBILEIRON INC",
        "cik_number": "1470099"
    },
    {
        "company": "MODEL N INC",
        "cik_number": "1118417"
    },
    {
        "company": "MONGODB INC",
        "cik_number": "1441816"
    },
    {
        "company": "NCINO INC",
        "cik_number": "1566895"
    },
    {
        "company": "NEOMEDIA TECHNOLOGIES INC",
        "cik_number": "1022701"
    },
    {
        "company": "NETSOL TECHNOLOGIES INC",
        "cik_number": "1039280"
    },
    {
        "company": "NEW RELIC INC",
        "cik_number": "1448056"
    },
    {
        "company": "NORTONLIFELOCK INC",
        "cik_number": "849399"
    },
    {
        "company": "NOTIFY TECHNOLOGY CORP",
        "cik_number": "1031980"
    },
    {
        "company": "NUANCE COMMUNICATIONS INC",
        "cik_number": "1002517"
    },
    {
        "company": "NUTANIX INC",
        "cik_number": "1618732"
    },
    {
        "company": "OBLONG INC",
        "cik_number": "746210"
    },
    {
        "company": "OKTA INC",
        "cik_number": "1660134"
    },
    {
        "company": "OMTOOL LTD",
        "cik_number": "1020579"
    },
    {
        "company": "ONESPAN INC",
        "cik_number": "1044777"
    },
    {
        "company": "ORACLE CORP",
        "cik_number": "727632"
    },
    {
        "company": "PAGERDUTY INC",
        "cik_number": "1568100"
    },
    {
        "company": "PAID INC",
        "cik_number": "1017655"
    },
    {
        "company": "PALO ALTO NETWORKS INC",
        "cik_number": "1327567"
    },
    {
        "company": "PARETEUM CORP",
        "cik_number": "1084384"
    },
    {
        "company": "PARK CITY GROUP INC",
        "cik_number": "50471"
    },
    {
        "company": "PAYBOX CORP",
        "cik_number": "879703"
    },
    {
        "company": "PAYCHEX INC",
        "cik_number": "723531"
    },
    {
        "company": "PAYCOM SOFTWARE INC",
        "cik_number": "1590955"
    },
    {
        "company": "PAYLOCITY HOLDING CORP",
        "cik_number": "1591698"
    },
    {
        "company": "PEGASYSTEMS INC",
        "cik_number": "1013857"
    },
    {
        "company": "PHUNWARE INC",
        "cik_number": "1603498"
    },
    {
        "company": "PING IDENTITY HOLDING CORP",
        "cik_number": "1679826"
    },
    {
        "company": "PLURALSIGHT INC",
        "cik_number": "1725579"
    },
    {
        "company": "PRIMAL SOLUTIONS INC",
        "cik_number": "1124217"
    },
    {
        "company": "PROOFPOINT INC",
        "cik_number": "1212458"
    },
    {
        "company": "PROS HOLDINGS INC",
        "cik_number": "1392972"
    },
    {
        "company": "PTC INC",
        "cik_number": "857005"
    },
    {
        "company": "PULSE EVOLUTION CORP",
        "cik_number": "1583138"
    },
    {
        "company": "Q2 HOLDINGS INC",
        "cik_number": "1410384"
    },
    {
        "company": "QAD INC",
        "cik_number": "1036188"
    },
    {
        "company": "QUALYS INC",
        "cik_number": "1107843"
    },
    {
        "company": "QUMU CORP",
        "cik_number": "892482"
    },
    {
        "company": "RAADR INC",
        "cik_number": "1384365"
    },
    {
        "company": "RAND WORLDWIDE INC",
        "cik_number": "852437"
    },
    {
        "company": "RAPID7 INC",
        "cik_number": "1560327"
    },
    {
        "company": "REALNETWORKS INC",
        "cik_number": "1046327"
    },
    {
        "company": "REALPAGE INC",
        "cik_number": "1286225"
    },
    {
        "company": "RIGHTSCORP INC",
        "cik_number": "1506270"
    },
    {
        "company": "RINGCENTRAL INC",
        "cik_number": "1384905"
    },
    {
        "company": "RIOT BLOCKCHAIN INC",
        "cik_number": "1167419"
    },
    {
        "company": "ROCKETFUEL BLOCKCHAIN INC",
        "cik_number": "823546"
    },
    {
        "company": "ROSETTA STONE INC",
        "cik_number": "1351285"
    },
    {
        "company": "SALESFORCECOM INC",
        "cik_number": "1108524"
    },
    {
        "company": "SCIENT INC",
        "cik_number": "1158019"
    },
    {
        "company": "SEACHANGE INTERNATIONAL INC",
        "cik_number": "1019671"
    },
    {
        "company": "SECUREWORKS CORP",
        "cik_number": "1468666"
    },
    {
        "company": "SERVICENOW INC",
        "cik_number": "1373715"
    },
    {
        "company": "SHARPSPRING INC",
        "cik_number": "1506439"
    },
    {
        "company": "SHOTSPOTTER INC",
        "cik_number": "1351636"
    },
    {
        "company": "SIMTROL INC",
        "cik_number": "846775"
    },
    {
        "company": "SITO MOBILE LTD",
        "cik_number": "1157817"
    },
    {
        "company": "SLACK TECHNOLOGIES INC",
        "cik_number": "1764925"
    },
    {
        "company": "SMARTMETRIC INC",
        "cik_number": "1301991"
    },
    {
        "company": "SMARTSHEET INC",
        "cik_number": "1366561"
    },
    {
        "company": "SMITH MICRO SOFTWARE INC",
        "cik_number": "948708"
    },
    {
        "company": "SNOWFLAKE INC",
        "cik_number": "1640147"
    },
    {
        "company": "SOFTECH INC",
        "cik_number": "354260"
    },
    {
        "company": "SOLARWINDS CORP",
        "cik_number": "1739942"
    },
    {
        "company": "SONIC FOUNDRY INC",
        "cik_number": "1029744"
    },
    {
        "company": "SPLUNK INC",
        "cik_number": "1353283"
    },
    {
        "company": "SPROUT SOCIAL INC",
        "cik_number": "1517375"
    },
    {
        "company": "SPS COMMERCE INC",
        "cik_number": "1092699"
    },
    {
        "company": "SSI INVESTMENTS II LTD",
        "cik_number": "1501919"
    },
    {
        "company": "SUMO LOGIC INC",
        "cik_number": "1643269"
    },
    {
        "company": "SVMK INC",
        "cik_number": "1739936"
    },
    {
        "company": "SYNACOR INC",
        "cik_number": "1210634"
    },
    {
        "company": "SYNOPSYS INC",
        "cik_number": "883241"
    },
    {
        "company": "TAUTACHROME INC",
        "cik_number": "1389067"
    },
    {
        "company": "TELENAV INC",
        "cik_number": "1353536"
    },
    {
        "company": "TENABLE HOLDINGS INC",
        "cik_number": "1660280"
    },
    {
        "company": "TIBCO SOFTWARE INC",
        "cik_number": "1085280"
    },
    {
        "company": "TINTRI INC",
        "cik_number": "1554875"
    },
    {
        "company": "TMM INC",
        "cik_number": "939652"
    },
    {
        "company": "TRADE DESK INC",
        "cik_number": "1671933"
    },
    {
        "company": "TWILIO INC",
        "cik_number": "1447669"
    },
    {
        "company": "TYLER TECHNOLOGIES INC",
        "cik_number": "860731"
    },
    {
        "company": "ULTIMATE SOFTWARE GROUP INC",
        "cik_number": "1016125"
    },
    {
        "company": "UNITRONIX CORP",
        "cik_number": "835270"
    },
    {
        "company": "UNITY SOFTWARE INC",
        "cik_number": "1810806"
    },
    {
        "company": "UPLAND SOFTWARE INC",
        "cik_number": "1505155"
    },
    {
        "company": "VARONIS SYSTEMS INC",
        "cik_number": "1361113"
    },
    {
        "company": "VEEVA SYSTEMS INC",
        "cik_number": "1393052"
    },
    {
        "company": "VERINT SYSTEMS INC",
        "cik_number": "1166388"
    },
    {
        "company": "VERITONE INC",
        "cik_number": "1615165"
    },
    {
        "company": "VERTEX INC",
        "cik_number": "1806837"
    },
    {
        "company": "VIRNETX HOLDING CORP",
        "cik_number": "1082324"
    },
    {
        "company": "VIVA ENTERTAINMENT GROUP INC",
        "cik_number": "1479000"
    },
    {
        "company": "VOYAGER DIGITAL LTD",
        "cik_number": "1827032"
    },
    {
        "company": "VUBOTICS INC",
        "cik_number": "1100981"
    },
    {
        "company": "WORKDAY INC",
        "cik_number": "1327811"
    },
    {
        "company": "WORKIVA INC",
        "cik_number": "1445305"
    },
    {
        "company": "XCELMOBILITY INC",
        "cik_number": "1465509"
    },
    {
        "company": "XPERI HOLDING CORP",
        "cik_number": "1803696"
    },
    {
        "company": "YAPPN CORP",
        "cik_number": "1511735"
    },
    {
        "company": "YEXT INC",
        "cik_number": "1614178"
    },
    {
        "company": "ZENDESK INC",
        "cik_number": "1463172"
    },
    {
        "company": "ZIX CORP",
        "cik_number": "855612"
    },
    {
        "company": "ZOOM TELEPHONICS INC",
        "cik_number": "822708"
    },
    {
        "company": "ZOOMAWAY TRAVEL INC",
        "cik_number": "1541054"
    },
    {
        "company": "ZSCALER INC",
        "cik_number": "1713683"
    },
    {
        "company": "ZUORA INC",
        "cik_number": "1423774"
    },
    {
        "company": "ADVANCED VOICE RECOGNITION",
        "cik_number": "1342936"
    },
    {
        "company": "AMERICAN SECURITY RES CORP",
        "cik_number": "1085069"
    },
    {
        "company": "AMERICAN SOFTWARE  CL A",
        "cik_number": "713425"
    },
    {
        "company": "AUTOMATIC DATA PROCESSING",
        "cik_number": "8670"
    },
    {
        "company": "AVAYA HLDGS CORP",
        "cik_number": "1418100"
    },
    {
        "company": "BIGCOMMERCE HOLDIN INC",
        "cik_number": "1626450"
    },
    {
        "company": "BIOKEY INTERNATIONAL INC",
        "cik_number": "1242388"
    },
    {
        "company": "BLAQCLOUDS INC",
        "cik_number": "1517990"
    },
    {
        "company": "BSQUARE CORP",
        "cik_number": "1054721"
    },
    {
        "company": "BUSYBOX COM INC",
        "cik_number": "1088316"
    },
    {
        "company": "CERIDIAN HCM HOLDING",
        "cik_number": "1725057"
    },
    {
        "company": "CHANGSHENG INTERNATIONAL GRO",
        "cik_number": "1451797"
    },
    {
        "company": "CHINA YANYUN YHU NTL ED GRP",
        "cik_number": "1773086"
    },
    {
        "company": "CLOUDWARD INC",
        "cik_number": "1045739"
    },
    {
        "company": "COM GUARDCOM INC",
        "cik_number": "1103759"
    },
    {
        "company": "DUCK CREEK TECHNOL INC",
        "cik_number": "1160951"
    },
    {
        "company": "FANTASY ACES DAILY FANTASY",
        "cik_number": "1653115"
    },
    {
        "company": "FLEXSHARES IBOXX 3YR TAR FD",
        "cik_number": ""
    },
    {
        "company": "FLEXSHARES IBOXX 5YR TAR FD",
        "cik_number": ""
    },
    {
        "company": "GTY TECHNOLOGY HOLDINGS",
        "cik_number": "1682325"
    },
    {
        "company": "HRSOFT INC",
        "cik_number": "917019"
    },
    {
        "company": "INTEGRATED BUSINESS SYS SVC",
        "cik_number": "1040863"
    },
    {
        "company": "INTELLIGENT SYSTEM CORP",
        "cik_number": "320340"
    },
    {
        "company": "INTERNATIONAL LEADERS CAP CO",
        "cik_number": "1470550"
    },
    {
        "company": "ISHARES IBOXX HIGH YLD CP BD",
        "cik_number": ""
    },
    {
        "company": "ISHARES IBOXX INVST GR CP BD",
        "cik_number": ""
    },
    {
        "company": "KIWIBOX COM INC",
        "cik_number": "838796"
    },
    {
        "company": "LIQUI BOX CORP",
        "cik_number": "216430"
    },
    {
        "company": "LIVE MICROSYSTEMS INC",
        "cik_number": "915866"
    },
    {
        "company": "MEDALLIANCE INC",
        "cik_number": "886037"
    },
    {
        "company": "MEDIATECHNICS CORP",
        "cik_number": ""
    },
    {
        "company": "MONSTER ARTS",
        "cik_number": "1423746"
    },
    {
        "company": "PALANTIR TECHNOLOG INC",
        "cik_number": "1321655"
    },
    {
        "company": "PROGRESS SOFTWARE CORP",
        "cik_number": "876167"
    },
    {
        "company": "QUANTGATE SYSTEMS INC",
        "cik_number": ""
    },
    {
        "company": "RORINE INTL HOLDING CORP",
        "cik_number": "1423586"
    },
    {
        "company": "SAILPOINT TECHNO HLDG",
        "cik_number": "1627857"
    },
    {
        "company": "SKYBOX INTL INC",
        "cik_number": "909687"
    },
    {
        "company": "SSC TECHNOLOGIES HLDGS INC",
        "cik_number": "878390"
    },
    {
        "company": "SYNCHRONOSS TECHNOLOGIES",
        "cik_number": "1131554"
    },
    {
        "company": "TERADATA CORP",
        "cik_number": "320045"
    },
    {
        "company": "THEGLOBECOM INC",
        "cik_number": "1066684"
    },
    {
        "company": "VANCORD CAPITAL INC",
        "cik_number": "1200528"
    },
    {
        "company": "VDOPH INTERNATIONAL INC",
        "cik_number": "1499355"
    },
    {
        "company": "VERB TECHNOLOGY CO INC",
        "cik_number": "1566610"
    },
    {
        "company": "VERTICAL COMPUTER SYS INC",
        "cik_number": "1099509"
    },
    {
        "company": "VMWARE INC CL A",
        "cik_number": "1124610"
    },
    {
        "company": "WOD RETAIL SOLUTIONS",
        "cik_number": "704366"
    },
    {
        "company": "ZOOM VIDEO COMUNICATIONS INC",
        "cik_number": "1585521"
    },
    {
        "company": "ZOOMINFO TECHNOLOGIES",
        "cik_number": "1794515"
    },
    {
        "company": "ADVANCED VOICE RECOGNITION",
        "cik_number": "1342936"
    },
    {
        "company": "AMERICAN SECURITY RES CORP",
        "cik_number": "1085069"
    },
    {
        "company": "AMERICAN SOFTWARE  CL A",
        "cik_number": "713425"
    },
    {
        "company": "AUTOMATIC DATA PROCESSING",
        "cik_number": "8670"
    },
    {
        "company": "AVAYA HLDGS CORP",
        "cik_number": "1418100"
    },
    {
        "company": "BIGCOMMERCE HOLDIN INC",
        "cik_number": "1626450"
    },
    {
        "company": "BIOKEY INTERNATIONAL INC",
        "cik_number": "1242388"
    },
    {
        "company": "BLAQCLOUDS INC",
        "cik_number": "1517990"
    },
    {
        "company": "BSQUARE CORP",
        "cik_number": "1054721"
    },
    {
        "company": "BUSYBOX COM INC",
        "cik_number": "1088316"
    },
    {
        "company": "CERIDIAN HCM HOLDING",
        "cik_number": "1725057"
    },
    {
        "company": "CHANGSHENG INTERNATIONAL GRO",
        "cik_number": "1451797"
    },
    {
        "company": "CHINA YANYUN YHU NTL ED GRP",
        "cik_number": "1773086"
    },
    {
        "company": "CLOUDWARD INC",
        "cik_number": "1045739"
    },
    {
        "company": "COM GUARDCOM INC",
        "cik_number": "1103759"
    },
    {
        "company": "DUCK CREEK TECHNOL INC",
        "cik_number": "1160951"
    },
    {
        "company": "FANTASY ACES DAILY FANTASY",
        "cik_number": "1653115"
    },
    {
        "company": "FLEXSHARES IBOXX 3YR TAR FD",
        "cik_number": ""
    },
    {
        "company": "FLEXSHARES IBOXX 5YR TAR FD",
        "cik_number": ""
    },
    {
        "company": "GTY TECHNOLOGY HOLDINGS",
        "cik_number": "1682325"
    },
    {
        "company": "HRSOFT INC",
        "cik_number": "917019"
    },
    {
        "company": "INTEGRATED BUSINESS SYS SVC",
        "cik_number": "1040863"
    },
    {
        "company": "INTELLIGENT SYSTEM CORP",
        "cik_number": "320340"
    },
    {
        "company": "INTERNATIONAL LEADERS CAP CO",
        "cik_number": "1470550"
    },
    {
        "company": "ISHARES IBOXX HIGH YLD CP BD",
        "cik_number": ""
    },
    {
        "company": "ISHARES IBOXX INVST GR CP BD",
        "cik_number": ""
    },
    {
        "company": "KIWIBOX COM INC",
        "cik_number": "838796"
    },
    {
        "company": "LIQUI BOX CORP",
        "cik_number": "216430"
    },
    {
        "company": "LIVE MICROSYSTEMS INC",
        "cik_number": "915866"
    },
    {
        "company": "MEDALLIANCE INC",
        "cik_number": "886037"
    },
    {
        "company": "MEDIATECHNICS CORP",
        "cik_number": ""
    },
    {
        "company": "MONSTER ARTS",
        "cik_number": "1423746"
    },
    {
        "company": "PALANTIR TECHNOLOG INC",
        "cik_number": "1321655"
    },
    {
        "company": "PROGRESS SOFTWARE CORP",
        "cik_number": "876167"
    },
    {
        "company": "QUANTGATE SYSTEMS INC",
        "cik_number": ""
    },
    {
        "company": "RORINE INTL HOLDING CORP",
        "cik_number": "1423586"
    },
    {
        "company": "SAILPOINT TECHNO HLDG",
        "cik_number": "1627857"
    },
    {
        "company": "SKYBOX INTL INC",
        "cik_number": "909687"
    },
    {
        "company": "SSC TECHNOLOGIES HLDGS INC",
        "cik_number": "878390"
    },
    {
        "company": "SYNCHRONOSS TECHNOLOGIES",
        "cik_number": "1131554"
    },
    {
        "company": "TERADATA CORP",
        "cik_number": "320045"
    },
    {
        "company": "THEGLOBECOM INC",
        "cik_number": "1066684"
    },
    {
        "company": "VANCORD CAPITAL INC",
        "cik_number": "1200528"
    },
    {
        "company": "VDOPH INTERNATIONAL INC",
        "cik_number": "1499355"
    },
    {
        "company": "VERB TECHNOLOGY CO INC",
        "cik_number": "1566610"
    },
    {
        "company": "VERTICAL COMPUTER SYS INC",
        "cik_number": "1099509"
    },
    {
        "company": "VMWARE INC CL A",
        "cik_number": "1124610"
    },
    {
        "company": "WOD RETAIL SOLUTIONS",
        "cik_number": "704366"
    },
    {
        "company": "ZOOM VIDEO COMUNICATIONS INC",
        "cik_number": "1585521"
    },
    {
        "company": "ZOOMINFO TECHNOLOGIES",
        "cik_number": "1794515"
    },
    {
        "company": "ADVANCED VOICE RECOGNITION",
        "cik_number": "1342936"
    },
    {
        "company": "AMERICAN SECURITY RES CORP",
        "cik_number": "1085069"
    },
    {
        "company": "AMERICAN SOFTWARE  CL A",
        "cik_number": "713425"
    },
    {
        "company": "AUTOMATIC DATA PROCESSING",
        "cik_number": "8670"
    },
    {
        "company": "AVAYA HLDGS CORP",
        "cik_number": "1418100"
    },
    {
        "company": "BIGCOMMERCE HOLDIN INC",
        "cik_number": "1626450"
    },
    {
        "company": "BIOKEY INTERNATIONAL INC",
        "cik_number": "1242388"
    },
    {
        "company": "BLAQCLOUDS INC",
        "cik_number": "1517990"
    },
    {
        "company": "BSQUARE CORP",
        "cik_number": "1054721"
    },
    {
        "company": "BUSYBOX COM INC",
        "cik_number": "1088316"
    },
    {
        "company": "CERIDIAN HCM HOLDING",
        "cik_number": "1725057"
    },
    {
        "company": "CHANGSHENG INTERNATIONAL GRO",
        "cik_number": "1451797"
    },
    {
        "company": "CHINA YANYUN YHU NTL ED GRP",
        "cik_number": "1773086"
    },
    {
        "company": "CLOUDWARD INC",
        "cik_number": "1045739"
    },
    {
        "company": "COM GUARDCOM INC",
        "cik_number": "1103759"
    },
    {
        "company": "DUCK CREEK TECHNOL INC",
        "cik_number": "1160951"
    },
    {
        "company": "FANTASY ACES DAILY FANTASY",
        "cik_number": "1653115"
    },
    {
        "company": "FLEXSHARES IBOXX 3YR TAR FD",
        "cik_number": ""
    },
    {
        "company": "FLEXSHARES IBOXX 5YR TAR FD",
        "cik_number": ""
    },
    {
        "company": "GTY TECHNOLOGY HOLDINGS",
        "cik_number": "1682325"
    },
    {
        "company": "HRSOFT INC",
        "cik_number": "917019"
    },
    {
        "company": "INTEGRATED BUSINESS SYS SVC",
        "cik_number": "1040863"
    },
    {
        "company": "INTELLIGENT SYSTEM CORP",
        "cik_number": "320340"
    },
    {
        "company": "INTERNATIONAL LEADERS CAP CO",
        "cik_number": "1470550"
    },
    {
        "company": "ISHARES IBOXX HIGH YLD CP BD",
        "cik_number": ""
    },
    {
        "company": "ISHARES IBOXX INVST GR CP BD",
        "cik_number": ""
    },
    {
        "company": "KIWIBOX COM INC",
        "cik_number": "838796"
    },
    {
        "company": "LIQUI BOX CORP",
        "cik_number": "216430"
    },
    {
        "company": "LIVE MICROSYSTEMS INC",
        "cik_number": "915866"
    },
    {
        "company": "MEDALLIANCE INC",
        "cik_number": "886037"
    },
    {
        "company": "MEDIATECHNICS CORP",
        "cik_number": ""
    },
    {
        "company": "MONSTER ARTS",
        "cik_number": "1423746"
    },
    {
        "company": "PALANTIR TECHNOLOG INC",
        "cik_number": "1321655"
    },
    {
        "company": "PROGRESS SOFTWARE CORP",
        "cik_number": "876167"
    },
    {
        "company": "QUANTGATE SYSTEMS INC",
        "cik_number": ""
    },
    {
        "company": "RORINE INTL HOLDING CORP",
        "cik_number": "1423586"
    },
    {
        "company": "SAILPOINT TECHNO HLDG",
        "cik_number": "1627857"
    },
    {
        "company": "SKYBOX INTL INC",
        "cik_number": "909687"
    },
    {
        "company": "SSC TECHNOLOGIES HLDGS INC",
        "cik_number": "878390"
    },
    {
        "company": "SYNCHRONOSS TECHNOLOGIES",
        "cik_number": "1131554"
    },
    {
        "company": "TERADATA CORP",
        "cik_number": "320045"
    },
    {
        "company": "THEGLOBECOM INC",
        "cik_number": "1066684"
    },
    {
        "company": "VANCORD CAPITAL INC",
        "cik_number": "1200528"
    },
    {
        "company": "VDOPH INTERNATIONAL INC",
        "cik_number": "1499355"
    },
    {
        "company": "VERB TECHNOLOGY CO INC",
        "cik_number": "1566610"
    },
    {
        "company": "VERTICAL COMPUTER SYS INC",
        "cik_number": "1099509"
    },
    {
        "company": "VMWARE INC CL A",
        "cik_number": "1124610"
    },
    {
        "company": "WOD RETAIL SOLUTIONS",
        "cik_number": "704366"
    },
    {
        "company": "ZOOM VIDEO COMUNICATIONS INC",
        "cik_number": "1585521"
    },
    {
        "company": "ZOOMINFO TECHNOLOGIES",
        "cik_number": "1794515"
    },
    {
        "company": "ADVANCED VOICE RECOGNITION",
        "cik_number": "1342936"
    },
    {
        "company": "AMERICAN SECURITY RES CORP",
        "cik_number": "1085069"
    },
    {
        "company": "AMERICAN SOFTWARE  CL A",
        "cik_number": "713425"
    },
    {
        "company": "AUTOMATIC DATA PROCESSING",
        "cik_number": "8670"
    },
    {
        "company": "AVAYA HLDGS CORP",
        "cik_number": "1418100"
    },
    {
        "company": "BIGCOMMERCE HOLDIN INC",
        "cik_number": "1626450"
    },
    {
        "company": "BIOKEY INTERNATIONAL INC",
        "cik_number": "1242388"
    },
    {
        "company": "BLAQCLOUDS INC",
        "cik_number": "1517990"
    },
    {
        "company": "BSQUARE CORP",
        "cik_number": "1054721"
    },
    {
        "company": "BUSYBOX COM INC",
        "cik_number": "1088316"
    },
    {
        "company": "CERIDIAN HCM HOLDING",
        "cik_number": "1725057"
    },
    {
        "company": "CHANGSHENG INTERNATIONAL GRO",
        "cik_number": "1451797"
    },
    {
        "company": "CHINA YANYUN YHU NTL ED GRP",
        "cik_number": "1773086"
    },
    {
        "company": "CLOUDWARD INC",
        "cik_number": "1045739"
    },
    {
        "company": "COM GUARDCOM INC",
        "cik_number": "1103759"
    },
    {
        "company": "DUCK CREEK TECHNOL INC",
        "cik_number": "1160951"
    },
    {
        "company": "FANTASY ACES DAILY FANTASY",
        "cik_number": "1653115"
    },
    {
        "company": "FLEXSHARES IBOXX 3YR TAR FD",
        "cik_number": ""
    },
    {
        "company": "FLEXSHARES IBOXX 5YR TAR FD",
        "cik_number": ""
    },
    {
        "company": "GTY TECHNOLOGY HOLDINGS",
        "cik_number": "1682325"
    },
    {
        "company": "HRSOFT INC",
        "cik_number": "917019"
    },
    {
        "company": "INTEGRATED BUSINESS SYS SVC",
        "cik_number": "1040863"
    },
    {
        "company": "INTELLIGENT SYSTEM CORP",
        "cik_number": "320340"
    },
    {
        "company": "INTERNATIONAL LEADERS CAP CO",
        "cik_number": "1470550"
    },
    {
        "company": "ISHARES IBOXX HIGH YLD CP BD",
        "cik_number": ""
    },
    {
        "company": "ISHARES IBOXX INVST GR CP BD",
        "cik_number": ""
    },
    {
        "company": "KIWIBOX COM INC",
        "cik_number": "838796"
    },
    {
        "company": "LIQUI BOX CORP",
        "cik_number": "216430"
    },
    {
        "company": "LIVE MICROSYSTEMS INC",
        "cik_number": "915866"
    },
    {
        "company": "MEDALLIANCE INC",
        "cik_number": "886037"
    },
    {
        "company": "MEDIATECHNICS CORP",
        "cik_number": ""
    },
    {
        "company": "MONSTER ARTS",
        "cik_number": "1423746"
    },
    {
        "company": "PALANTIR TECHNOLOG INC",
        "cik_number": "1321655"
    },
    {
        "company": "PROGRESS SOFTWARE CORP",
        "cik_number": "876167"
    },
    {
        "company": "QUANTGATE SYSTEMS INC",
        "cik_number": ""
    },
    {
        "company": "RORINE INTL HOLDING CORP",
        "cik_number": "1423586"
    },
    {
        "company": "SAILPOINT TECHNO HLDG",
        "cik_number": "1627857"
    },
    {
        "company": "SKYBOX INTL INC",
        "cik_number": "909687"
    },
    {
        "company": "SSC TECHNOLOGIES HLDGS INC",
        "cik_number": "878390"
    },
    {
        "company": "SYNCHRONOSS TECHNOLOGIES",
        "cik_number": "1131554"
    },
    {
        "company": "TERADATA CORP",
        "cik_number": "320045"
    },
    {
        "company": "THEGLOBECOM INC",
        "cik_number": "1066684"
    },
    {
        "company": "VANCORD CAPITAL INC",
        "cik_number": "1200528"
    },
    {
        "company": "VDOPH INTERNATIONAL INC",
        "cik_number": "1499355"
    },
    {
        "company": "VERB TECHNOLOGY CO INC",
        "cik_number": "1566610"
    },
    {
        "company": "VERTICAL COMPUTER SYS INC",
        "cik_number": "1099509"
    },
    {
        "company": "VMWARE INC CL A",
        "cik_number": "1124610"
    },
    {
        "company": "WOD RETAIL SOLUTIONS",
        "cik_number": "704366"
    },
    {
        "company": "ZOOM VIDEO COMUNICATIONS INC",
        "cik_number": "1585521"
    },
    {
        "company": "ZOOMINFO TECHNOLOGIES",
        "cik_number": "1794515"
    }
]