[
    {
        "name": "2U INC",
        "cik_number": "1459417"
    },
    {
        "name": "30DC INC",
        "cik_number": "1118974"
    },
    {
        "name": "3D PIONEER SYSTEMS INC",
        "cik_number": "1556753"
    },
    {
        "name": "8X8 INC",
        "cik_number": "1023731"
    },
    {
        "name": "A10 NETWORKS INC",
        "cik_number": "1580808"
    },
    {
        "name": "ACI WORLDWIDE INC",
        "cik_number": "935036"
    },
    {
        "name": "ACTUA CORP",
        "cik_number": "1085621"
    },
    {
        "name": "ADEXA INC",
        "cik_number": "1119691"
    },
    {
        "name": "ADOBE INC",
        "cik_number": "796343"
    },
    {
        "name": "ADVANTE CORP",
        "cik_number": "1407847"
    },
    {
        "name": "ADVANTEGO CORP",
        "cik_number": "869531"
    },
    {
        "name": "AGILYSYS INC",
        "cik_number": "78749"
    },
    {
        "name": "ALARMCOM HOLDINGS INC",
        "cik_number": "1459200"
    },
    {
        "name": "ALLDIGITAL HOLDINGS INC",
        "cik_number": "1389217"
    },
    {
        "name": "ALTAIR ENGINEERING INC",
        "cik_number": "1701732"
    },
    {
        "name": "ALTERYX INC",
        "cik_number": "1689923"
    },
    {
        "name": "ANAPLAN INC",
        "cik_number": "1540755"
    },
    {
        "name": "ANSYS INC",
        "cik_number": "1013462"
    },
    {
        "name": "APPFOLIO INC",
        "cik_number": "1433195"
    },
    {
        "name": "APPIAN CORP",
        "cik_number": "1441683"
    },
    {
        "name": "APPLIED VISUAL SCIENCES INC",
        "cik_number": "873198"
    },
    {
        "name": "APT SYSTEMS INC",
        "cik_number": "1543739"
    },
    {
        "name": "ASANA INC",
        "cik_number": "1477720"
    },
    {
        "name": "ASPEN TECHNOLOGY INC",
        "cik_number": "356942"
    },
    {
        "name": "ASURE SOFTWARE INC",
        "cik_number": "884144"
    },
    {
        "name": "AUDIOEYE INC",
        "cik_number": "1362190"
    },
    {
        "name": "AUTODESK INC",
        "cik_number": "769397"
    },
    {
        "name": "AVALARA INC",
        "cik_number": "1348036"
    },
    {
        "name": "AWARE INC",
        "cik_number": "845188"
    },
    {
        "name": "BARRACUDA NETWORKS INC",
        "cik_number": "1348334"
    },
    {
        "name": "BENEFITFOCUS INC",
        "cik_number": "1576169"
    },
    {
        "name": "BENTLEY SYSTEMS INC",
        "cik_number": "1031308"
    },
    {
        "name": "BILLCOM HOLDINGS INC",
        "cik_number": "1786352"
    },
    {
        "name": "BLACK BOX CORP",
        "cik_number": "849547"
    },
    {
        "name": "BLACKBAUD INC",
        "cik_number": "1280058"
    },
    {
        "name": "BLACKBOXSTOCKS INC",
        "cik_number": "1567900"
    },
    {
        "name": "BLACKLINE INC",
        "cik_number": "1666134"
    },
    {
        "name": "BOTTOMLINE TECHNOLOGIES INC",
        "cik_number": "1073349"
    },
    {
        "name": "BOX INC",
        "cik_number": "1345423"
    },
    {
        "name": "BOXLIGHT CORP",
        "cik_number": "1624512"
    },
    {
        "name": "BRAVATEK SOLUTIONS INC",
        "cik_number": "1449574"
    },
    {
        "name": "BRIDGELINE DIGITAL INC",
        "cik_number": "1378590"
    },
    {
        "name": "BRIDGEWAY NATIONAL CORP",
        "cik_number": "1567771"
    },
    {
        "name": "BSCADA INC",
        "cik_number": "1341878"
    },
    {
        "name": "CADENCE DESIGN SYSTEMS INC",
        "cik_number": "813672"
    },
    {
        "name": "CDK GLOBAL INC",
        "cik_number": "1609702"
    },
    {
        "name": "CERENCE INC",
        "cik_number": "1768267"
    },
    {
        "name": "CERIDIAN CORP",
        "cik_number": "109758"
    },
    {
        "name": "CHANNELADVISOR CORP",
        "cik_number": "1169652"
    },
    {
        "name": "CICERO INC",
        "cik_number": "945384"
    },
    {
        "name": "CIMETRIX INC",
        "cik_number": "786620"
    },
    {
        "name": "CIPHERLOC CORP",
        "cik_number": "1022505"
    },
    {
        "name": "CITRIX SYSTEMS INC",
        "cik_number": "877890"
    },
    {
        "name": "CLEANSPARK INC",
        "cik_number": "827876"
    },
    {
        "name": "CLICKSTREAM CORP",
        "cik_number": "1393548"
    },
    {
        "name": "CLONE ALGO TECHNOLOGIES INC",
        "cik_number": "1582589"
    },
    {
        "name": "CLOUDERA INC",
        "cik_number": "1535379"
    },
    {
        "name": "CLOUDFLARE INC",
        "cik_number": "1477333"
    },
    {
        "name": "CODE REBEL CORP",
        "cik_number": "1613011"
    },
    {
        "name": "COMMVAULT SYSTEMS INC",
        "cik_number": "1169561"
    },
    {
        "name": "CORNERSTONE ONDEMAND INC",
        "cik_number": "1401680"
    },
    {
        "name": "COUPA SOFTWARE INC",
        "cik_number": "1385867"
    },
    {
        "name": "CROWDSTRIKE HOLDINGS INC",
        "cik_number": "1535527"
    },
    {
        "name": "CYBERFORT SOFTWARE INC",
        "cik_number": "1522787"
    },
    {
        "name": "CYREN LTD",
        "cik_number": "1084577"
    },
    {
        "name": "DATADOG INC",
        "cik_number": "1561550"
    },
    {
        "name": "DATTO HOLDING CORP",
        "cik_number": "1724570"
    },
    {
        "name": "DEALERADVANCE INC",
        "cik_number": "1133598"
    },
    {
        "name": "DIGILITI MONEY GROUP INC",
        "cik_number": "1487906"
    },
    {
        "name": "DIGIMARC CORP",
        "cik_number": "1089443"
    },
    {
        "name": "DIGITAL TURBINE INC",
        "cik_number": "317788"
    },
    {
        "name": "DOCUSIGN INC",
        "cik_number": "1261333"
    },
    {
        "name": "DOMO INC",
        "cik_number": "1505952"
    },
    {
        "name": "DROPBOX INC",
        "cik_number": "1467623"
    },
    {
        "name": "DYNATRACE INC",
        "cik_number": "1773383"
    },
    {
        "name": "E2OPEN INC",
        "cik_number": "1540400"
    },
    {
        "name": "EBIX INC",
        "cik_number": "814549"
    },
    {
        "name": "ECOARK HOLDINGS INC",
        "cik_number": "1437491"
    },
    {
        "name": "EGAIN CORP",
        "cik_number": "1066194"
    },
    {
        "name": "ELASTIC NETWORKS INC",
        "cik_number": "1088242"
    },
    {
        "name": "ELASTIC NV",
        "cik_number": "1707753"
    },
    {
        "name": "ELCOM INTERNATIONAL INC",
        "cik_number": "900096"
    },
    {
        "name": "ENTERPRISE INFORMATICS INC",
        "cik_number": "813747"
    },
    {
        "name": "ENVESTNET INC",
        "cik_number": "1337619"
    },
    {
        "name": "EVERBRIDGE INC",
        "cik_number": "1437352"
    },
    {
        "name": "EVOLVING SYSTEMS INC",
        "cik_number": "1052054"
    },
    {
        "name": "EZENIA INC",
        "cik_number": "943894"
    },
    {
        "name": "FAIR ISAAC CORP",
        "cik_number": "814547"
    },
    {
        "name": "FALCONSTOR SOFTWARE INC",
        "cik_number": "922521"
    },
    {
        "name": "FASTLY INC",
        "cik_number": "1517413"
    },
    {
        "name": "FIREEYE INC",
        "cik_number": "1370880"
    },
    {
        "name": "FIVE9 INC",
        "cik_number": "1288847"
    },
    {
        "name": "FORTINET INC",
        "cik_number": "1262039"
    },
    {
        "name": "FRIENDFINDER NETWORKS INC",
        "cik_number": "1451951"
    },
    {
        "name": "GIVEMEPOWER CORP",
        "cik_number": "1064722"
    },
    {
        "name": "GRANDPARENTSCOM INC",
        "cik_number": "1020475"
    },
    {
        "name": "GREEN POLKADOT BOX INC",
        "cik_number": "1159464"
    },
    {
        "name": "GSE SYSTEMS INC",
        "cik_number": "944480"
    },
    {
        "name": "GUIDEWIRE SOFTWARE INC",
        "cik_number": "1528396"
    },
    {
        "name": "HOPTO INC",
        "cik_number": "1021435"
    },
    {
        "name": "HUBSPOT INC",
        "cik_number": "1404655"
    },
    {
        "name": "IBSG INTERNATIONAL INC",
        "cik_number": "1031905"
    },
    {
        "name": "IDEANOMICS INC",
        "cik_number": "837852"
    },
    {
        "name": "IMAGEWARE SYSTEMS INC",
        "cik_number": "941685"
    },
    {
        "name": "INFORMATION RESOURCES INC",
        "cik_number": "714278"
    },
    {
        "name": "INTELLINETICS INC",
        "cik_number": "1081745"
    },
    {
        "name": "INTERMAP TECHNOLOGIES CORP",
        "cik_number": "1285170"
    },
    {
        "name": "INTRUSION INC",
        "cik_number": "736012"
    },
    {
        "name": "INTUIT INC",
        "cik_number": "896878"
    },
    {
        "name": "INUVO INC",
        "cik_number": "829323"
    },
    {
        "name": "IRONCLAD ENCRYPTION CORP",
        "cik_number": "1455926"
    },
    {
        "name": "ISIGN SOLUTIONS INC",
        "cik_number": "727634"
    },
    {
        "name": "ISOCIALY INC",
        "cik_number": "1716726"
    },
    {
        "name": "ISSUER DIRECT CORP",
        "cik_number": "843006"
    },
    {
        "name": "IVEDA SOLUTIONS INC",
        "cik_number": "1397183"
    },
    {
        "name": "J2 GLOBAL INC",
        "cik_number": "1084048"
    },
    {
        "name": "JACK IN THE BOX INC",
        "cik_number": "807882"
    },
    {
        "name": "JAMF HOLDING CORP",
        "cik_number": "1721947"
    },
    {
        "name": "JDA SOFTWARE GROUP INC",
        "cik_number": "1006892"
    },
    {
        "name": "JFROG LTD",
        "cik_number": "1800667"
    },
    {
        "name": "KRONOS INC",
        "cik_number": "886903"
    },
    {
        "name": "LAWSON SOFTWARE INC",
        "cik_number": "1141517"
    },
    {
        "name": "LEVELBLOX INC",
        "cik_number": "1473654"
    },
    {
        "name": "LIQUID HOLDINGS GROUP INC",
        "cik_number": "1562594"
    },
    {
        "name": "LIVEPERSON INC",
        "cik_number": "1102993"
    },
    {
        "name": "MAIL BOXES ETC",
        "cik_number": "791014"
    },
    {
        "name": "MANHATTAN ASSOCIATES INC",
        "cik_number": "1056696"
    },
    {
        "name": "MARIN SOFTWARE INC",
        "cik_number": "1389002"
    },
    {
        "name": "MAX SOUND CORP",
        "cik_number": "1353499"
    },
    {
        "name": "MEDALLIA INC",
        "cik_number": "1540184"
    },
    {
        "name": "MGT CAPITAL INVESTMENTS INC",
        "cik_number": "1001601"
    },
    {
        "name": "MICROSOFT CORP",
        "cik_number": "789019"
    },
    {
        "name": "MICROSTRATEGY INC",
        "cik_number": "1050446"
    },
    {
        "name": "MITEK SYSTEMS INC",
        "cik_number": "807863"
    },
    {
        "name": "MIX TELEMATICS LTD",
        "cik_number": "1576914"
    },
    {
        "name": "MOBILEIRON INC",
        "cik_number": "1470099"
    },
    {
        "name": "MODEL N INC",
        "cik_number": "1118417"
    },
    {
        "name": "MONGODB INC",
        "cik_number": "1441816"
    },
    {
        "name": "NCINO INC",
        "cik_number": "1566895"
    },
    {
        "name": "NEOMEDIA TECHNOLOGIES INC",
        "cik_number": "1022701"
    },
    {
        "name": "NETSOL TECHNOLOGIES INC",
        "cik_number": "1039280"
    },
    {
        "name": "NEW RELIC INC",
        "cik_number": "1448056"
    },
    {
        "name": "NORTONLIFELOCK INC",
        "cik_number": "849399"
    },
    {
        "name": "NOTIFY TECHNOLOGY CORP",
        "cik_number": "1031980"
    },
    {
        "name": "NUANCE COMMUNICATIONS INC",
        "cik_number": "1002517"
    },
    {
        "name": "NUTANIX INC",
        "cik_number": "1618732"
    },
    {
        "name": "OBLONG INC",
        "cik_number": "746210"
    },
    {
        "name": "OKTA INC",
        "cik_number": "1660134"
    },
    {
        "name": "OMTOOL LTD",
        "cik_number": "1020579"
    },
    {
        "name": "ONESPAN INC",
        "cik_number": "1044777"
    },
    {
        "name": "ORACLE CORP",
        "cik_number": "727632"
    },
    {
        "name": "PAGERDUTY INC",
        "cik_number": "1568100"
    },
    {
        "name": "PAID INC",
        "cik_number": "1017655"
    },
    {
        "name": "PALO ALTO NETWORKS INC",
        "cik_number": "1327567"
    },
    {
        "name": "PARETEUM CORP",
        "cik_number": "1084384"
    },
    {
        "name": "PARK CITY GROUP INC",
        "cik_number": "50471"
    },
    {
        "name": "PAYBOX CORP",
        "cik_number": "879703"
    },
    {
        "name": "PAYCHEX INC",
        "cik_number": "723531"
    },
    {
        "name": "PAYCOM SOFTWARE INC",
        "cik_number": "1590955"
    },
    {
        "name": "PAYLOCITY HOLDING CORP",
        "cik_number": "1591698"
    },
    {
        "name": "PEGASYSTEMS INC",
        "cik_number": "1013857"
    },
    {
        "name": "PHUNWARE INC",
        "cik_number": "1603498"
    },
    {
        "name": "PING IDENTITY HOLDING CORP",
        "cik_number": "1679826"
    },
    {
        "name": "PLURALSIGHT INC",
        "cik_number": "1725579"
    },
    {
        "name": "PRIMAL SOLUTIONS INC",
        "cik_number": "1124217"
    },
    {
        "name": "PROOFPOINT INC",
        "cik_number": "1212458"
    },
    {
        "name": "PROS HOLDINGS INC",
        "cik_number": "1392972"
    },
    {
        "name": "PTC INC",
        "cik_number": "857005"
    },
    {
        "name": "PULSE EVOLUTION CORP",
        "cik_number": "1583138"
    },
    {
        "name": "Q2 HOLDINGS INC",
        "cik_number": "1410384"
    },
    {
        "name": "QAD INC",
        "cik_number": "1036188"
    },
    {
        "name": "QUALYS INC",
        "cik_number": "1107843"
    },
    {
        "name": "QUMU CORP",
        "cik_number": "892482"
    },
    {
        "name": "RAADR INC",
        "cik_number": "1384365"
    },
    {
        "name": "RAND WORLDWIDE INC",
        "cik_number": "852437"
    },
    {
        "name": "RAPID7 INC",
        "cik_number": "1560327"
    },
    {
        "name": "REALNETWORKS INC",
        "cik_number": "1046327"
    },
    {
        "name": "REALPAGE INC",
        "cik_number": "1286225"
    },
    {
        "name": "RIGHTSCORP INC",
        "cik_number": "1506270"
    },
    {
        "name": "RINGCENTRAL INC",
        "cik_number": "1384905"
    },
    {
        "name": "RIOT BLOCKCHAIN INC",
        "cik_number": "1167419"
    },
    {
        "name": "ROCKETFUEL BLOCKCHAIN INC",
        "cik_number": "823546"
    },
    {
        "name": "ROSETTA STONE INC",
        "cik_number": "1351285"
    },
    {
        "name": "SALESFORCECOM INC",
        "cik_number": "1108524"
    },
    {
        "name": "SCIENT INC",
        "cik_number": "1158019"
    },
    {
        "name": "SEACHANGE INTERNATIONAL INC",
        "cik_number": "1019671"
    },
    {
        "name": "SECUREWORKS CORP",
        "cik_number": "1468666"
    },
    {
        "name": "SERVICENOW INC",
        "cik_number": "1373715"
    },
    {
        "name": "SHARPSPRING INC",
        "cik_number": "1506439"
    },
    {
        "name": "SHOTSPOTTER INC",
        "cik_number": "1351636"
    },
    {
        "name": "SIMTROL INC",
        "cik_number": "846775"
    },
    {
        "name": "SITO MOBILE LTD",
        "cik_number": "1157817"
    },
    {
        "name": "SLACK TECHNOLOGIES INC",
        "cik_number": "1764925"
    },
    {
        "name": "SMARTMETRIC INC",
        "cik_number": "1301991"
    },
    {
        "name": "SMARTSHEET INC",
        "cik_number": "1366561"
    },
    {
        "name": "SMITH MICRO SOFTWARE INC",
        "cik_number": "948708"
    },
    {
        "name": "SNOWFLAKE INC",
        "cik_number": "1640147"
    },
    {
        "name": "SOFTECH INC",
        "cik_number": "354260"
    },
    {
        "name": "SOLARWINDS CORP",
        "cik_number": "1739942"
    },
    {
        "name": "SONIC FOUNDRY INC",
        "cik_number": "1029744"
    },
    {
        "name": "SPLUNK INC",
        "cik_number": "1353283"
    },
    {
        "name": "SPROUT SOCIAL INC",
        "cik_number": "1517375"
    },
    {
        "name": "SPS COMMERCE INC",
        "cik_number": "1092699"
    },
    {
        "name": "SSI INVESTMENTS II LTD",
        "cik_number": "1501919"
    },
    {
        "name": "SUMO LOGIC INC",
        "cik_number": "1643269"
    },
    {
        "name": "SVMK INC",
        "cik_number": "1739936"
    },
    {
        "name": "SYNACOR INC",
        "cik_number": "1210634"
    },
    {
        "name": "SYNOPSYS INC",
        "cik_number": "883241"
    },
    {
        "name": "TAUTACHROME INC",
        "cik_number": "1389067"
    },
    {
        "name": "TELENAV INC",
        "cik_number": "1353536"
    },
    {
        "name": "TENABLE HOLDINGS INC",
        "cik_number": "1660280"
    },
    {
        "name": "TIBCO SOFTWARE INC",
        "cik_number": "1085280"
    },
    {
        "name": "TINTRI INC",
        "cik_number": "1554875"
    },
    {
        "name": "TMM INC",
        "cik_number": "939652"
    },
    {
        "name": "TRADE DESK INC",
        "cik_number": "1671933"
    },
    {
        "name": "TWILIO INC",
        "cik_number": "1447669"
    },
    {
        "name": "TYLER TECHNOLOGIES INC",
        "cik_number": "860731"
    },
    {
        "name": "ULTIMATE SOFTWARE GROUP INC",
        "cik_number": "1016125"
    },
    {
        "name": "UNITRONIX CORP",
        "cik_number": "835270"
    },
    {
        "name": "UNITY SOFTWARE INC",
        "cik_number": "1810806"
    },
    {
        "name": "UPLAND SOFTWARE INC",
        "cik_number": "1505155"
    },
    {
        "name": "VARONIS SYSTEMS INC",
        "cik_number": "1361113"
    },
    {
        "name": "VEEVA SYSTEMS INC",
        "cik_number": "1393052"
    },
    {
        "name": "VERINT SYSTEMS INC",
        "cik_number": "1166388"
    },
    {
        "name": "VERITONE INC",
        "cik_number": "1615165"
    },
    {
        "name": "VERTEX INC",
        "cik_number": "1806837"
    },
    {
        "name": "VIRNETX HOLDING CORP",
        "cik_number": "1082324"
    },
    {
        "name": "VIVA ENTERTAINMENT GROUP INC",
        "cik_number": "1479000"
    },
    {
        "name": "VOYAGER DIGITAL LTD",
        "cik_number": "1827032"
    },
    {
        "name": "VUBOTICS INC",
        "cik_number": "1100981"
    },
    {
        "name": "WORKDAY INC",
        "cik_number": "1327811"
    },
    {
        "name": "WORKIVA INC",
        "cik_number": "1445305"
    },
    {
        "name": "XCELMOBILITY INC",
        "cik_number": "1465509"
    },
    {
        "name": "XPERI HOLDING CORP",
        "cik_number": "1803696"
    },
    {
        "name": "YAPPN CORP",
        "cik_number": "1511735"
    },
    {
        "name": "YEXT INC",
        "cik_number": "1614178"
    },
    {
        "name": "ZENDESK INC",
        "cik_number": "1463172"
    },
    {
        "name": "ZIX CORP",
        "cik_number": "855612"
    },
    {
        "name": "ZOOM TELEPHONICS INC",
        "cik_number": "822708"
    },
    {
        "name": "ZOOMAWAY TRAVEL INC",
        "cik_number": "1541054"
    },
    {
        "name": "ZSCALER INC",
        "cik_number": "1713683"
    },
    {
        "name": "ZUORA INC",
        "cik_number": "1423774"
    },
    {
        "name": "ADVANCED VOICE RECOGNITION",
        "cik_number": "1342936"
    },
    {
        "name": "AMERICAN SECURITY RES CORP",
        "cik_number": "1085069"
    },
    {
        "name": "AMERICAN SOFTWARE  CL A",
        "cik_number": "713425"
    },
    {
        "name": "AUTOMATIC DATA PROCESSING",
        "cik_number": "8670"
    },
    {
        "name": "AVAYA HLDGS CORP",
        "cik_number": "1418100"
    },
    {
        "name": "BIGCOMMERCE HOLDIN INC",
        "cik_number": "1626450"
    },
    {
        "name": "BIOKEY INTERNATIONAL INC",
        "cik_number": "1242388"
    },
    {
        "name": "BLAQCLOUDS INC",
        "cik_number": "1517990"
    },
    {
        "name": "BSQUARE CORP",
        "cik_number": "1054721"
    },
    {
        "name": "BUSYBOX COM INC",
        "cik_number": "1088316"
    },
    {
        "name": "CERIDIAN HCM HOLDING",
        "cik_number": "1725057"
    },
    {
        "name": "CHANGSHENG INTERNATIONAL GRO",
        "cik_number": "1451797"
    },
    {
        "name": "CHINA YANYUN YHU NTL ED GRP",
        "cik_number": "1773086"
    },
    {
        "name": "CLOUDWARD INC",
        "cik_number": "1045739"
    },
    {
        "name": "COM GUARDCOM INC",
        "cik_number": "1103759"
    },
    {
        "name": "DUCK CREEK TECHNOL INC",
        "cik_number": "1160951"
    },
    {
        "name": "FANTASY ACES DAILY FANTASY",
        "cik_number": "1653115"
    },
    {
        "name": "FLEXSHARES IBOXX 3YR TAR FD",
        "cik_number": ""
    },
    {
        "name": "FLEXSHARES IBOXX 5YR TAR FD",
        "cik_number": ""
    },
    {
        "name": "GTY TECHNOLOGY HOLDINGS",
        "cik_number": "1682325"
    },
    {
        "name": "HRSOFT INC",
        "cik_number": "917019"
    },
    {
        "name": "INTEGRATED BUSINESS SYS SVC",
        "cik_number": "1040863"
    },
    {
        "name": "INTELLIGENT SYSTEM CORP",
        "cik_number": "320340"
    },
    {
        "name": "INTERNATIONAL LEADERS CAP CO",
        "cik_number": "1470550"
    },
    {
        "name": "ISHARES IBOXX HIGH YLD CP BD",
        "cik_number": ""
    },
    {
        "name": "ISHARES IBOXX INVST GR CP BD",
        "cik_number": ""
    },
    {
        "name": "KIWIBOX COM INC",
        "cik_number": "838796"
    },
    {
        "name": "LIQUI BOX CORP",
        "cik_number": "216430"
    },
    {
        "name": "LIVE MICROSYSTEMS INC",
        "cik_number": "915866"
    },
    {
        "name": "MEDALLIANCE INC",
        "cik_number": "886037"
    },
    {
        "name": "MEDIATECHNICS CORP",
        "cik_number": ""
    },
    {
        "name": "MONSTER ARTS",
        "cik_number": "1423746"
    },
    {
        "name": "PALANTIR TECHNOLOG INC",
        "cik_number": "1321655"
    },
    {
        "name": "PROGRESS SOFTWARE CORP",
        "cik_number": "876167"
    },
    {
        "name": "QUANTGATE SYSTEMS INC",
        "cik_number": ""
    },
    {
        "name": "RORINE INTL HOLDING CORP",
        "cik_number": "1423586"
    },
    {
        "name": "SAILPOINT TECHNO HLDG",
        "cik_number": "1627857"
    },
    {
        "name": "SKYBOX INTL INC",
        "cik_number": "909687"
    },
    {
        "name": "SSC TECHNOLOGIES HLDGS INC",
        "cik_number": "878390"
    },
    {
        "name": "SYNCHRONOSS TECHNOLOGIES",
        "cik_number": "1131554"
    },
    {
        "name": "TERADATA CORP",
        "cik_number": "320045"
    },
    {
        "name": "THEGLOBECOM INC",
        "cik_number": "1066684"
    },
    {
        "name": "VANCORD CAPITAL INC",
        "cik_number": "1200528"
    },
    {
        "name": "VDOPH INTERNATIONAL INC",
        "cik_number": "1499355"
    },
    {
        "name": "VERB TECHNOLOGY CO INC",
        "cik_number": "1566610"
    },
    {
        "name": "VERTICAL COMPUTER SYS INC",
        "cik_number": "1099509"
    },
    {
        "name": "VMWARE INC CL A",
        "cik_number": "1124610"
    },
    {
        "name": "WOD RETAIL SOLUTIONS",
        "cik_number": "704366"
    },
    {
        "name": "ZOOM VIDEO COMUNICATIONS INC",
        "cik_number": "1585521"
    },
    {
        "name": "ZOOMINFO TECHNOLOGIES",
        "cik_number": "1794515"
    },
    {
        "name": "ADVANCED VOICE RECOGNITION",
        "cik_number": "1342936"
    },
    {
        "name": "AMERICAN SECURITY RES CORP",
        "cik_number": "1085069"
    },
    {
        "name": "AMERICAN SOFTWARE  CL A",
        "cik_number": "713425"
    },
    {
        "name": "AUTOMATIC DATA PROCESSING",
        "cik_number": "8670"
    },
    {
        "name": "AVAYA HLDGS CORP",
        "cik_number": "1418100"
    },
    {
        "name": "BIGCOMMERCE HOLDIN INC",
        "cik_number": "1626450"
    },
    {
        "name": "BIOKEY INTERNATIONAL INC",
        "cik_number": "1242388"
    },
    {
        "name": "BLAQCLOUDS INC",
        "cik_number": "1517990"
    },
    {
        "name": "BSQUARE CORP",
        "cik_number": "1054721"
    },
    {
        "name": "BUSYBOX COM INC",
        "cik_number": "1088316"
    },
    {
        "name": "CERIDIAN HCM HOLDING",
        "cik_number": "1725057"
    },
    {
        "name": "CHANGSHENG INTERNATIONAL GRO",
        "cik_number": "1451797"
    },
    {
        "name": "CHINA YANYUN YHU NTL ED GRP",
        "cik_number": "1773086"
    },
    {
        "name": "CLOUDWARD INC",
        "cik_number": "1045739"
    },
    {
        "name": "COM GUARDCOM INC",
        "cik_number": "1103759"
    },
    {
        "name": "DUCK CREEK TECHNOL INC",
        "cik_number": "1160951"
    },
    {
        "name": "FANTASY ACES DAILY FANTASY",
        "cik_number": "1653115"
    },
    {
        "name": "FLEXSHARES IBOXX 3YR TAR FD",
        "cik_number": ""
    },
    {
        "name": "FLEXSHARES IBOXX 5YR TAR FD",
        "cik_number": ""
    },
    {
        "name": "GTY TECHNOLOGY HOLDINGS",
        "cik_number": "1682325"
    },
    {
        "name": "HRSOFT INC",
        "cik_number": "917019"
    },
    {
        "name": "INTEGRATED BUSINESS SYS SVC",
        "cik_number": "1040863"
    },
    {
        "name": "INTELLIGENT SYSTEM CORP",
        "cik_number": "320340"
    },
    {
        "name": "INTERNATIONAL LEADERS CAP CO",
        "cik_number": "1470550"
    },
    {
        "name": "ISHARES IBOXX HIGH YLD CP BD",
        "cik_number": ""
    },
    {
        "name": "ISHARES IBOXX INVST GR CP BD",
        "cik_number": ""
    },
    {
        "name": "KIWIBOX COM INC",
        "cik_number": "838796"
    },
    {
        "name": "LIQUI BOX CORP",
        "cik_number": "216430"
    },
    {
        "name": "LIVE MICROSYSTEMS INC",
        "cik_number": "915866"
    },
    {
        "name": "MEDALLIANCE INC",
        "cik_number": "886037"
    },
    {
        "name": "MEDIATECHNICS CORP",
        "cik_number": ""
    },
    {
        "name": "MONSTER ARTS",
        "cik_number": "1423746"
    },
    {
        "name": "PALANTIR TECHNOLOG INC",
        "cik_number": "1321655"
    },
    {
        "name": "PROGRESS SOFTWARE CORP",
        "cik_number": "876167"
    },
    {
        "name": "QUANTGATE SYSTEMS INC",
        "cik_number": ""
    },
    {
        "name": "RORINE INTL HOLDING CORP",
        "cik_number": "1423586"
    },
    {
        "name": "SAILPOINT TECHNO HLDG",
        "cik_number": "1627857"
    },
    {
        "name": "SKYBOX INTL INC",
        "cik_number": "909687"
    },
    {
        "name": "SSC TECHNOLOGIES HLDGS INC",
        "cik_number": "878390"
    },
    {
        "name": "SYNCHRONOSS TECHNOLOGIES",
        "cik_number": "1131554"
    },
    {
        "name": "TERADATA CORP",
        "cik_number": "320045"
    },
    {
        "name": "THEGLOBECOM INC",
        "cik_number": "1066684"
    },
    {
        "name": "VANCORD CAPITAL INC",
        "cik_number": "1200528"
    },
    {
        "name": "VDOPH INTERNATIONAL INC",
        "cik_number": "1499355"
    },
    {
        "name": "VERB TECHNOLOGY CO INC",
        "cik_number": "1566610"
    },
    {
        "name": "VERTICAL COMPUTER SYS INC",
        "cik_number": "1099509"
    },
    {
        "name": "VMWARE INC CL A",
        "cik_number": "1124610"
    },
    {
        "name": "WOD RETAIL SOLUTIONS",
        "cik_number": "704366"
    },
    {
        "name": "ZOOM VIDEO COMUNICATIONS INC",
        "cik_number": "1585521"
    },
    {
        "name": "ZOOMINFO TECHNOLOGIES",
        "cik_number": "1794515"
    },
    {
        "name": "ADVANCED VOICE RECOGNITION",
        "cik_number": "1342936"
    },
    {
        "name": "AMERICAN SECURITY RES CORP",
        "cik_number": "1085069"
    },
    {
        "name": "AMERICAN SOFTWARE  CL A",
        "cik_number": "713425"
    },
    {
        "name": "AUTOMATIC DATA PROCESSING",
        "cik_number": "8670"
    },
    {
        "name": "AVAYA HLDGS CORP",
        "cik_number": "1418100"
    },
    {
        "name": "BIGCOMMERCE HOLDIN INC",
        "cik_number": "1626450"
    },
    {
        "name": "BIOKEY INTERNATIONAL INC",
        "cik_number": "1242388"
    },
    {
        "name": "BLAQCLOUDS INC",
        "cik_number": "1517990"
    },
    {
        "name": "BSQUARE CORP",
        "cik_number": "1054721"
    },
    {
        "name": "BUSYBOX COM INC",
        "cik_number": "1088316"
    },
    {
        "name": "CERIDIAN HCM HOLDING",
        "cik_number": "1725057"
    },
    {
        "name": "CHANGSHENG INTERNATIONAL GRO",
        "cik_number": "1451797"
    },
    {
        "name": "CHINA YANYUN YHU NTL ED GRP",
        "cik_number": "1773086"
    },
    {
        "name": "CLOUDWARD INC",
        "cik_number": "1045739"
    },
    {
        "name": "COM GUARDCOM INC",
        "cik_number": "1103759"
    },
    {
        "name": "DUCK CREEK TECHNOL INC",
        "cik_number": "1160951"
    },
    {
        "name": "FANTASY ACES DAILY FANTASY",
        "cik_number": "1653115"
    },
    {
        "name": "FLEXSHARES IBOXX 3YR TAR FD",
        "cik_number": ""
    },
    {
        "name": "FLEXSHARES IBOXX 5YR TAR FD",
        "cik_number": ""
    },
    {
        "name": "GTY TECHNOLOGY HOLDINGS",
        "cik_number": "1682325"
    },
    {
        "name": "HRSOFT INC",
        "cik_number": "917019"
    },
    {
        "name": "INTEGRATED BUSINESS SYS SVC",
        "cik_number": "1040863"
    },
    {
        "name": "INTELLIGENT SYSTEM CORP",
        "cik_number": "320340"
    },
    {
        "name": "INTERNATIONAL LEADERS CAP CO",
        "cik_number": "1470550"
    },
    {
        "name": "ISHARES IBOXX HIGH YLD CP BD",
        "cik_number": ""
    },
    {
        "name": "ISHARES IBOXX INVST GR CP BD",
        "cik_number": ""
    },
    {
        "name": "KIWIBOX COM INC",
        "cik_number": "838796"
    },
    {
        "name": "LIQUI BOX CORP",
        "cik_number": "216430"
    },
    {
        "name": "LIVE MICROSYSTEMS INC",
        "cik_number": "915866"
    },
    {
        "name": "MEDALLIANCE INC",
        "cik_number": "886037"
    },
    {
        "name": "MEDIATECHNICS CORP",
        "cik_number": ""
    },
    {
        "name": "MONSTER ARTS",
        "cik_number": "1423746"
    },
    {
        "name": "PALANTIR TECHNOLOG INC",
        "cik_number": "1321655"
    },
    {
        "name": "PROGRESS SOFTWARE CORP",
        "cik_number": "876167"
    },
    {
        "name": "QUANTGATE SYSTEMS INC",
        "cik_number": ""
    },
    {
        "name": "RORINE INTL HOLDING CORP",
        "cik_number": "1423586"
    },
    {
        "name": "SAILPOINT TECHNO HLDG",
        "cik_number": "1627857"
    },
    {
        "name": "SKYBOX INTL INC",
        "cik_number": "909687"
    },
    {
        "name": "SSC TECHNOLOGIES HLDGS INC",
        "cik_number": "878390"
    },
    {
        "name": "SYNCHRONOSS TECHNOLOGIES",
        "cik_number": "1131554"
    },
    {
        "name": "TERADATA CORP",
        "cik_number": "320045"
    },
    {
        "name": "THEGLOBECOM INC",
        "cik_number": "1066684"
    },
    {
        "name": "VANCORD CAPITAL INC",
        "cik_number": "1200528"
    },
    {
        "name": "VDOPH INTERNATIONAL INC",
        "cik_number": "1499355"
    },
    {
        "name": "VERB TECHNOLOGY CO INC",
        "cik_number": "1566610"
    },
    {
        "name": "VERTICAL COMPUTER SYS INC",
        "cik_number": "1099509"
    },
    {
        "name": "VMWARE INC CL A",
        "cik_number": "1124610"
    },
    {
        "name": "WOD RETAIL SOLUTIONS",
        "cik_number": "704366"
    },
    {
        "name": "ZOOM VIDEO COMUNICATIONS INC",
        "cik_number": "1585521"
    },
    {
        "name": "ZOOMINFO TECHNOLOGIES",
        "cik_number": "1794515"
    },
    {
        "name": "ADVANCED VOICE RECOGNITION",
        "cik_number": "1342936"
    },
    {
        "name": "AMERICAN SECURITY RES CORP",
        "cik_number": "1085069"
    },
    {
        "name": "AMERICAN SOFTWARE  CL A",
        "cik_number": "713425"
    },
    {
        "name": "AUTOMATIC DATA PROCESSING",
        "cik_number": "8670"
    },
    {
        "name": "AVAYA HLDGS CORP",
        "cik_number": "1418100"
    },
    {
        "name": "BIGCOMMERCE HOLDIN INC",
        "cik_number": "1626450"
    },
    {
        "name": "BIOKEY INTERNATIONAL INC",
        "cik_number": "1242388"
    },
    {
        "name": "BLAQCLOUDS INC",
        "cik_number": "1517990"
    },
    {
        "name": "BSQUARE CORP",
        "cik_number": "1054721"
    },
    {
        "name": "BUSYBOX COM INC",
        "cik_number": "1088316"
    },
    {
        "name": "CERIDIAN HCM HOLDING",
        "cik_number": "1725057"
    },
    {
        "name": "CHANGSHENG INTERNATIONAL GRO",
        "cik_number": "1451797"
    },
    {
        "name": "CHINA YANYUN YHU NTL ED GRP",
        "cik_number": "1773086"
    },
    {
        "name": "CLOUDWARD INC",
        "cik_number": "1045739"
    },
    {
        "name": "COM GUARDCOM INC",
        "cik_number": "1103759"
    },
    {
        "name": "DUCK CREEK TECHNOL INC",
        "cik_number": "1160951"
    },
    {
        "name": "FANTASY ACES DAILY FANTASY",
        "cik_number": "1653115"
    },
    {
        "name": "FLEXSHARES IBOXX 3YR TAR FD",
        "cik_number": ""
    },
    {
        "name": "FLEXSHARES IBOXX 5YR TAR FD",
        "cik_number": ""
    },
    {
        "name": "GTY TECHNOLOGY HOLDINGS",
        "cik_number": "1682325"
    },
    {
        "name": "HRSOFT INC",
        "cik_number": "917019"
    },
    {
        "name": "INTEGRATED BUSINESS SYS SVC",
        "cik_number": "1040863"
    },
    {
        "name": "INTELLIGENT SYSTEM CORP",
        "cik_number": "320340"
    },
    {
        "name": "INTERNATIONAL LEADERS CAP CO",
        "cik_number": "1470550"
    },
    {
        "name": "ISHARES IBOXX HIGH YLD CP BD",
        "cik_number": ""
    },
    {
        "name": "ISHARES IBOXX INVST GR CP BD",
        "cik_number": ""
    },
    {
        "name": "KIWIBOX COM INC",
        "cik_number": "838796"
    },
    {
        "name": "LIQUI BOX CORP",
        "cik_number": "216430"
    },
    {
        "name": "LIVE MICROSYSTEMS INC",
        "cik_number": "915866"
    },
    {
        "name": "MEDALLIANCE INC",
        "cik_number": "886037"
    },
    {
        "name": "MEDIATECHNICS CORP",
        "cik_number": ""
    },
    {
        "name": "MONSTER ARTS",
        "cik_number": "1423746"
    },
    {
        "name": "PALANTIR TECHNOLOG INC",
        "cik_number": "1321655"
    },
    {
        "name": "PROGRESS SOFTWARE CORP",
        "cik_number": "876167"
    },
    {
        "name": "QUANTGATE SYSTEMS INC",
        "cik_number": ""
    },
    {
        "name": "RORINE INTL HOLDING CORP",
        "cik_number": "1423586"
    },
    {
        "name": "SAILPOINT TECHNO HLDG",
        "cik_number": "1627857"
    },
    {
        "name": "SKYBOX INTL INC",
        "cik_number": "909687"
    },
    {
        "name": "SSC TECHNOLOGIES HLDGS INC",
        "cik_number": "878390"
    },
    {
        "name": "SYNCHRONOSS TECHNOLOGIES",
        "cik_number": "1131554"
    },
    {
        "name": "TERADATA CORP",
        "cik_number": "320045"
    },
    {
        "name": "THEGLOBECOM INC",
        "cik_number": "1066684"
    },
    {
        "name": "VANCORD CAPITAL INC",
        "cik_number": "1200528"
    },
    {
        "name": "VDOPH INTERNATIONAL INC",
        "cik_number": "1499355"
    },
    {
        "name": "VERB TECHNOLOGY CO INC",
        "cik_number": "1566610"
    },
    {
        "name": "VERTICAL COMPUTER SYS INC",
        "cik_number": "1099509"
    },
    {
        "name": "VMWARE INC CL A",
        "cik_number": "1124610"
    },
    {
        "name": "WOD RETAIL SOLUTIONS",
        "cik_number": "704366"
    },
    {
        "name": "ZOOM VIDEO COMUNICATIONS INC",
        "cik_number": "1585521"
    },
    {
        "name": "ZOOMINFO TECHNOLOGIES",
        "cik_number": "1794515"
    }
]